{"cameraMode":{"drawMode":0,"name":"Shaded","section":"Shading Mode"},"sceneLighting":true,"audioPlay":false,"sceneViewState":{"m_AlwaysRefresh":false,"showFog":true,"showSkybox":true,"showFlares":true,"showImageEffects":true,"showParticleSystems":true,"showVisualEffectGraphs":true,"m_FxEnabled":true},"in2DMode":false,"pivot":{"x":-2.2606430053710939,"y":0.23850002884864808,"z":-1.0056430101394654},"rotation":{"x":-0.5156628489494324,"y":-0.1200064942240715,"z":0.07320238649845123,"w":-0.8452110886573792},"size":3.800628662109375,"orthographic":false}